overallid,vaccinationratio,populationratio,ratioofratios
IN,0.8940184366931586,0.944922655324071,0.9461286928151232
