overallid,vaccinateddose1ratio,vaccinateddose2ratio
IN,0.33319736889263357,0.09374723528144616
